PERSON_ID,FULL_NAME,ROLE,BUSINESS_NAME,PHONE_NUMBER,EMAIL,REGION,PRODUCT_CATEGORY,CREATED_DATE
99379708,จักรกฤนาย ธูปะวิโรจน์,Customer Service,บริษัท มนทองกลการ จำกัด,0 894 547 504,nilslawpiynuch@example.net,ภาคใต้,บัตรเครดิต,2020-01-24
40315723,ศศิรินทร์ ไทนิยม,Manager,บริษัท ดวงทับทิมแพคกิ้ง จำกัด,089-371-5592,gdaawraam@example.com,ภาคตะวันออก,บัตรเครดิต,2020-04-24
37312510,กันตวรรณ ขุนดำ,Sales Agent,ห้างหุ้นส่วนจำกัด ด้วงโสน,064 107 9054,ewiiyngcchanthuekpraaiphphaktr@example.com,ภาคตะวันออก,สินเชื่อส่วนบุคคล,2022-07-23
7711943,ญาณพันธุ์ นิลเสนา,Dealer,บริษัท ขันธุลา จำกัด,0 3406 6592,laksmii10@example.com,ภาคตะวันออก,ประกัน,2022-09-27
15254920,สัญชาน เพียยา,Dealer,หจก.ศรีอุ่นคอมมิวนิเคชั่น,0-3223-5953,tinratnphngsners@example.net,ภาคกลาง,สินเชื่อบ้าน,2021-08-27
18794793,ปวีณ เจริญรัมย์,Broker,บริษัท นาคะนคร จำกัด,040516829,gthnmkulbutr@example.org,ภาคตะวันออก,ประกัน,2023-04-17
13997887,ชัฎชา ทวนไชย์,Manager,บริษัท อุลหัสสาเซอร์วิส จำกัด,0-7933-8250,ssirinthrbunyaphaachn@example.com,ภาคกลาง,ประกัน,2020-03-29
6532334,อดิสรณ์ หิรัญสาลี,Broker,วุฑฒยากรและเมืองสุข,049 164938,mniiyaadaawraam@example.net,ภาคตะวันตก,บัตรเครดิต,2022-02-01
25256206,อภิลักษณ์ พีระเพ็ญกุล,Sales Agent,บริษัท ทองลาภ จำกัด,095-384-8813,aithysuchaatsiriratn@example.org,ภาคกลาง,สินเชื่อส่วนบุคคล,2022-03-14
30198127,รชตกร บุนยะศัพท์,Customer Service,ธรรมสถิตไพศาล-ทองสีไพล,+66 623 503 060,namthwachethphnrngkh@example.net,ภาคตะวันออกเฉียงเหนือ,สินเชื่อธุรกิจ,2021-05-16
68092743,ฐิติกุล ธัญเสถียร,Manager,ห้างหุ้นส่วนจำกัด ติระคมน์,+66 3800 9313,kngsinaethnthng@example.com,ภาคเหนือ,สินเชื่อส่วนบุคคล,2024-06-14
98180146,มูฮัมหมัดอิมรอน ถุงเงิน,Dealer,เยาวธนโชคการค้า,+66 935 134 939,mthnglaaph@example.com,ภาคตะวันออก,สินเชื่อบ้าน,2023-05-10
59303656,ประสิทธิ์ หนุนสุข,Sales Agent,บริษัท ไชยภาคอมพิวเตอร์ จำกัด,048-097085,duriyphanthuphakhsuphaangkh@example.org,ภาคเหนือ,สินเชื่อบ้าน,2022-09-27
21296181,รังสินี ทองเนื้อดี,Broker,บจก.บุณยะภาชน์,059783400,dwngphrnaakknk@example.com,ภาคตะวันออกเฉียงเหนือ,สินเชื่อส่วนบุคคล,2020-09-05
56865580,ภูวฤณ วาทา,Customer Service,บริษัท ทัศนสุทธิ จำกัด,+662 263 8674,tangkulngaamnirutt@example.net,ภาคตะวันตก,สินเชื่อธุรกิจ,2023-01-28
74369138,อัษฏา ดาตู,Customer Service,บจก.นิษประปัญจ์,0 3287 5962,haanaafii15@example.com,ภาคตะวันออก,สินเชื่อส่วนบุคคล,2021-06-28
8757902,ราชพฤกษ์ เดชวา,Customer Service,บริษัท ฉายแสงเซอร์วิส จำกัด,07 150 7049,phiiraephykulkhnphrn@example.org,ภาคตะวันออก,ประกัน,2024-05-26
24565201,เอนกพงศ์ บุญบำรุง,Broker,บริษัท ไม้แดงการช่าง จำกัด,+66 (0) 3993 5298,wentrmnii@example.net,ภาคเหนือ,สินเชื่อส่วนบุคคล,2023-11-20
16102930,ประไพพักตร์ ดาบเงิน,Sales Agent,บจก.เตชะกำพุ,+66 (0) 7170 8462,thinphrulhassaa@example.org,ภาคใต้,สินเชื่อบ้าน,2024-10-25
15790409,นิรุตต์ นิละทัต,Sales Agent,ห้างหุ้นส่วนจำกัด ประจันตะเสน,+66 (0) 5225 9530,echlimphlthnadrb@example.org,ภาคกลาง,สินเชื่อส่วนบุคคล,2024-05-15
59611290,เกศรา นกทอง,Customer Service,ห้างหุ้นส่วนจำกัด ตันยากรุ๊ป,051-001637,philaksnnamthiphy@example.com,ภาคตะวันออกเฉียงเหนือ,สินเชื่อรถยนต์,2021-08-27
53973512,ทานตะวัน พานเกล้า,Broker,สหภาพแรงงานถนัดพิมพการ,0 3508 6517,naksamhrwcchcchinphathtaa@example.com,ภาคตะวันตก,สินเชื่อธุรกิจ,2025-01-18
56579789,สราญจิตต์ ทัศนสุทธิ,Customer Service,บริษัท ขำเอนกก่อสร้าง จำกัด,027 070085,jhiraysaalii@example.com,ภาคตะวันออกเฉียงเหนือ,สินเชื่อรถยนต์,2020-10-22
99899879,เจษฎากร ถนิมมาศ,Customer Service,บริษัท หนักแน่น จำกัด (มหาชน),+66 (0) 5923 2020,tanephaarkiieyaaa@example.com,ภาคใต้,บัตรเครดิต,2024-12-21
57903971,รมิตา ตั้งเผ่า,Manager,บริษัท ถนัดภาษา จำกัด,0-5030-5825,thayyaamaas56@example.com,ภาคตะวันตก,สินเชื่อบ้าน,2023-10-10
77311193,คณภรณ์ อัตตนาถ,Dealer,หจก.ทองสีไพล,+66 2043 1488,aekwyuuaachuuema@example.com,ภาคเหนือ,สินเชื่อธุรกิจ,2022-02-02
9769608,พรสวรรค์ นานายน,Dealer,บริษัท ทองแท้เอนเตอรไพรส์ จำกัด,+663 372 4974,wirchaysriiun@example.org,ภาคเหนือ,สินเชื่อธุรกิจ,2020-04-09
89488160,นิชนันท์ อุ่นอก,Broker,ชมรมทรัพย์สาร,046978057,ztinratn@example.com,ภาคใต้,สินเชื่อส่วนบุคคล,2020-11-29
3327855,พัชรีนิษฐ์ นามเสวตร,Customer Service,บริษัท ซูสารอยานยนต์ จำกัด,055 682084,dthrrmthinnaa@example.net,ภาคเหนือ,สินเชื่อบ้าน,2023-08-20
47042759,สมเกียรติ เตมิยะเดช,Broker,ศิวะวรเวทการบัญชี,+66 5914 9117,eliskingethphnaarii@example.net,ภาคตะวันออกเฉียงเหนือ,สินเชื่อส่วนบุคคล,2020-10-30
88604389,สุมัชญา เนตร์มณี,Broker,บริษัท ทองลาภวิศวการ จำกัด,0-3281-0618,ulayphremuuengsukh@example.com,ภาคตะวันออก,สินเชื่อรถยนต์,2020-12-19
19971878,ชิดชนก ดาบเงิน,Sales Agent,บริษัท ขำเอนกการค้า จำกัด,041-352633,haamiiyabunyasaphth@example.com,ภาคใต้,สินเชื่อส่วนบุคคล,2020-12-10
42583102,ยศพนต์ จันอ้น,Customer Service,หจก.สาระพันธ์,0-5635-7488,risraatrakuulbuy@example.net,ภาคกลาง,ประกัน,2021-01-23
57223531,นิชนันท์ ยางสวย,Manager,บริษัท ปานสุวรรณ จำกัด,+66 2954 7924,saychaanthrrmthinnaa@example.com,ภาคตะวันตก,สินเชื่อธุรกิจ,2020-11-18
91113749,ณาร์รีมาน นาคพันธุ์,Manager,บริษัท บุนยะศัพท์แพคกิ้ง จำกัด,088 528 5358,yedchwaa@example.com,ภาคตะวันออกเฉียงเหนือ,สินเชื่อธุรกิจ,2021-06-06
72170281,หลี วะคีมัน,Dealer,หจก.ถนอมพลพืชผล,0877247807,sangkhkrdaiklrung@example.net,ภาคเหนือ,บัตรเครดิต,2020-04-28
9355100,อาฮามัด ปรีชากุลเศรษฐ์,Dealer,ห้างหุ้นส่วนจำกัด นพคเชนทร์,02 435 4260,echingchaay22@example.com,ภาคตะวันออกเฉียงเหนือ,สินเชื่อธุรกิจ,2024-01-29
27615459,เกษตร สังข์กรด,Sales Agent,ธรรมฤดีขนส่ง,+66 (0) 856 113 920,ephyphrrsaanaakhsuthin@example.org,ภาคตะวันออกเฉียงเหนือ,ประกัน,2024-01-21
16295554,เถลิงยศ ตะละภัฏ,Manager,บริษัท บุญส่ง จำกัด,+66 865 815 237,ochkhphaadl56@example.org,ภาคใต้,สินเชื่อบ้าน,2022-02-26
82254370,ศิรินันท์ ดิสกะประกาย,Dealer,หอมพิกุล-นิษประปัญจ์,+662 791 9851,phkhwathntriiephrinthr@example.com,ภาคตะวันตก,สินเชื่อธุรกิจ,2022-05-21
46765649,ศรลักษณ์ เดชคุ้ม,Sales Agent,บริษัท บัวเผื่อนเอนเตอรไพรส์ จำกัด,054-631001,nchuusaar@example.org,ภาคตะวันออก,สินเชื่อส่วนบุคคล,2020-08-24
70995523,จินต์จุฑา ดิสกะประกาย,Customer Service,ไตรบรรพ-พานเกล้า,077-348469,enchaa07@example.com,ภาคตะวันตก,สินเชื่อบ้าน,2023-11-08
52256523,ศศิรินทร์ ทองอยู่,Customer Service,บริษัท หนักแน่นเคมิคอล จำกัด,+66 (0) 3080 5824,cchakrphanthnrthukkh@example.com,ภาคตะวันตก,สินเชื่อรถยนต์,2020-08-10
64559471,ธีราทัต ดาบเพ็ชร์,Manager,บจก.นาฏคายี,053-084463,sinsmuthr39@example.net,ภาคกลาง,สินเชื่อบ้าน,2024-08-20
19721923,วรปรัชญ์ เพียยา,Dealer,บริษัท ตระกูลไม้เรียง จำกัด (มหาชน),082 003 9655,phrswrrkhcchynuaesng@example.net,ภาคกลาง,สินเชื่อรถยนต์,2025-02-24
45647443,ปิยนาฎ นิติสาขา,Sales Agent,ห้างหุ้นส่วนจำกัด เมืองสุขพืชผล,030 542247,saastrsilpnichnanth@example.org,ภาคใต้,ประกัน,2023-02-01
89514871,เบญญาทิพย์ นิติสาขา,Customer Service,ตวันเยี่ยม-นิลสลัว,0805567828,phrmnsuththinath@example.com,ภาคเหนือ,บัตรเครดิต,2023-07-07
52636431,อัษฏา นิลสลัว,Customer Service,บริษัท นพคเชนทร์ จำกัด (มหาชน),023592746,rrcchntangephaa@example.com,ภาคกลาง,สินเชื่อรถยนต์,2022-11-13
72346205,จรรยพร ติระคมน์,Dealer,บริษัท อุลหัสสา จำกัด,066 182 3612,niphaakhhmanklaang@example.net,ภาคตะวันตก,ประกัน,2023-06-11
47611828,จิราภรณ์ วิลาสินี,Broker,บริษัท บุญบำรุง จำกัด,0875651749,emthnii82@example.org,ภาคใต้,ประกัน,2022-11-23
8952066,ศศิรินทร์ แก้วอยู่,Manager,บริษัท ดวงทับทิม จำกัด,+66 (0) 951 090 205,nnthkaaycchnsriisaty@example.com,ภาคใต้,บัตรเครดิต,2021-08-01
66744411,อัษฏา ทุมะบุตร์,Broker,ชมรมวะคีมัน,023927907,usriisaty@example.net,ภาคตะวันตก,บัตรเครดิต,2022-04-10
39234602,วิรชัย ทวีเดช,Broker,สมาคมร่มธิติรัตน์,040218549,nphwrrn79@example.net,ภาคตะวันออกเฉียงเหนือ,สินเชื่อส่วนบุคคล,2022-04-22
13311940,ธัญญามาศ ถมปัด,Broker,ห้างหุ้นส่วนสามัญ ไม้แดงวิศวการ,05 432 2991,phimphsudaa06@example.com,ภาคตะวันตก,สินเชื่อส่วนบุคคล,2020-07-10
70241303,ปฐม ดวงทับทิม,Sales Agent,ห้างหุ้นส่วนจำกัด ตัณฑนุชพืชผล,07 492 9563,tthsoythin@example.com,ภาคตะวันตก,สินเชื่อธุรกิจ,2023-03-08
50207765,ศุภกรชนา บุญญาภิรมย์,Broker,เธียรายันและนาฏคายี,0-7178-9167,cchriychatrthnadphaasaa@example.org,ภาคตะวันออก,บัตรเครดิต,2023-10-02
31424290,อรุณี ทองสุกเลิศ,Sales Agent,บริษัท นิลวรรณ จำกัด,0-7001-2138,nphratn09@example.org,ภาคตะวันออกเฉียงเหนือ,ประกัน,2023-06-22
92595640,สมหมาย ธนรักษ์,Dealer,บมจ.ยะผา,+66 (0) 5533 3740,thnphn07@example.org,ภาคใต้,สินเชื่อรถยนต์,2023-09-03
97080424,ภัคชัญญา นรวิทย์โชติกุล,Manager,ห้างหุ้นส่วนจำกัด ทรัพย์สาร,07 604 9469,tnaksamhrwcch@example.org,ภาคเหนือ,สินเชื่อรถยนต์,2023-03-22
58163444,บุญนพ ดาบเพ็ชร์,Manager,บริษัท ธรรมฤดีภาพยนตร์ จำกัด (มหาชน),0 5206 4566,naameswtrekhmcchiraa@example.net,ภาคตะวันตก,สินเชื่อธุรกิจ,2020-08-01
21210226,เขียว มิ่งขวัญ,Sales Agent,หจก.พรรษาสกุล,038 425817,gnwlchwii@example.com,ภาคใต้,สินเชื่อส่วนบุคคล,2021-11-23
49649140,ทานตะวัน บุณยะภาชน์,Dealer,บจก.บุณยะภาชน์,+662 002 7211,daarunii58@example.org,ภาคตะวันออกเฉียงเหนือ,สินเชื่อธุรกิจ,2022-04-16
69276041,ยศวัฒน์ นกทอง,Manager,หจก.นิยมธรรม,0 893 470 318,ethlingys00@example.net,ภาคตะวันออก,บัตรเครดิต,2024-03-31
33751208,วิรศักดิ์ ตะละภัฏ,Sales Agent,หจก.นาถะเดชะพานิช,0 687 290 733,jthasnsuththi@example.com,ภาคตะวันออกเฉียงเหนือ,สินเชื่อธุรกิจ,2022-03-16
92456656,อำไพ ตั้งเผ่า,Broker,เขียวขุ้ยอะไหล่ยนต์,+66 (0) 984 052 342,thnadrbnriikaant@example.com,ภาคตะวันตก,สินเชื่อรถยนต์,2021-10-15
6738784,นาทภูวพัฒน์ ตะละภัฏ,Dealer,ห้างหุ้นส่วนจำกัด ดำริห์ชอบ,076-387049,aethmthncchnittaa@example.net,ภาคตะวันออก,สินเชื่อรถยนต์,2024-01-30
19732973,ไชยภพ ตัณฑนุช,Customer Service,บริษัท วะคีมัน จำกัด (มหาชน),+66 3436 0070,phimphpraphaasrthng@example.org,ภาคตะวันออกเฉียงเหนือ,สินเชื่อบ้าน,2020-09-19
954722,วนาลี บุญญาไลย์,Sales Agent,ห้างหุ้นส่วนจำกัด ธัญาโภชน์กลการ,0-5185-1970,aenwphyaaprasiththi@example.com,ภาคตะวันออกเฉียงเหนือ,ประกัน,2022-10-20
44374293,ประไพพักตร์ ดำริห์ชอบ,Customer Service,มนทองมอเตอร์,051-583172,cchilaaphrnyaapaolhit@example.org,ภาคตะวันออกเฉียงเหนือ,สินเชื่อธุรกิจ,2020-10-23
49466846,คมกฤชญ์ ตะละภัฏ,Customer Service,ถนัดหัตถกรรม-ธรรมเมธา,064 203 6557,suphaalinii73@example.org,ภาคตะวันออก,บัตรเครดิต,2022-11-28
24008578,มูฮำมัด แก้วอยู่,Manager,หจก.ตะละภัฏเทรดดิ้ง,0-3330-6588,maasitaaithniym@example.com,ภาคตะวันออกเฉียงเหนือ,สินเชื่อส่วนบุคคล,2020-04-30
41151219,อาฮามัด ถนัดกลึง,Manager,บริษัท แก้วชลคราม จำกัด (มหาชน),0-3630-3853,khmkhaayelkhaphanthu@example.org,ภาคตะวันออก,บัตรเครดิต,2020-12-04
22749082,มูฮัมหมัดอิมรอน แนวพนิช,Dealer,บริษัท นิลวรรณเทรดดิ้ง จำกัด (มหาชน),022909566,thatthnthngenuuedii@example.com,ภาคกลาง,บัตรเครดิต,2024-04-13
73086185,คมกฤชญ์ ธนูปกรณ์,Sales Agent,สมาคมธูปหอม,0-7222-3715,phrswrrkh46@example.org,ภาคเหนือ,สินเชื่อบ้าน,2021-06-20
75078772,จณิตตา หอมสิน,Broker,มูลนิธิไทไชโย,+66 (0) 7432 8501,phaaneklaacchintcchuthaa@example.com,ภาคกลาง,บัตรเครดิต,2023-02-15
67219787,อินทรีย์ ธนรักษ์,Customer Service,บริษัท ทองลาภแพคกิ้ง จำกัด (มหาชน),0833347481,cchnistaanaakhankhr@example.org,ภาคเหนือ,สินเชื่อบ้าน,2024-10-31
36580609,ปิ่นบุญญา ทวีเดช,Dealer,ไทนิยมและนิระหานี,02 071 9910,thnmmnusyprayuthth@example.org,ภาคตะวันออกเฉียงเหนือ,ประกัน,2024-04-18
29967996,ภาสวุฒิ ติระคมน์,Customer Service,บริษัท หอมพิกุล จำกัด (มหาชน),0 5742 8955,dyaphaa@example.net,ภาคตะวันออก,ประกัน,2025-03-03
83644048,ฐิติกุล ทองลาภ,Dealer,บริษัท ตวงทองการบัญชี จำกัด,058 519450,phuuwraaentrmnii@example.com,ภาคตะวันออกเฉียงเหนือ,สินเชื่อส่วนบุคคล,2024-02-19
18448980,ฐิติกุล นรวิทย์โชติกุล,Sales Agent,แก้วชลครามมอเตอร์,053-211194,cchnistaawilaasinii@example.org,ภาคตะวันออกเฉียงเหนือ,บัตรเครดิต,2022-03-04
67185207,ภัคศุภางค์ นะวะมันดร,Sales Agent,ห้างหุ้นส่วนจำกัด ตรีเภรินทร์เอเยนซี,0-2174-2909,thampraduunphratn@example.com,ภาคตะวันออกเฉียงเหนือ,สินเชื่อส่วนบุคคล,2023-02-17
84591990,เฉลิมพล นิยมธรรม,Customer Service,หจก.เตมิยะเดชวิศวการ,098 021 4716,suphchay80@example.org,ภาคเหนือ,บัตรเครดิต,2023-05-16
64274412,ภารวี แนวพนิช,Manager,บริษัท ธนูปกรณ์ จำกัด,069 140 2650,ebyyaathiphynawamandr@example.com,ภาคตะวันตก,สินเชื่อธุรกิจ,2020-11-14
23632277,บุญพา ทหารแท้,Manager,บริษัท ถ้วนศรีและเพื่อน จำกัด,+66 2070 8166,sthnraks@example.org,ภาคตะวันออก,สินเชื่อธุรกิจ,2022-11-21
97430960,เขมจิรา นวลฉวี,Manager,ห้างหุ้นส่วนสามัญ ทรัพย์สารเอนเตอรไพรส์,05 353 7740,bawephuuensirwathn@example.org,ภาคตะวันตก,สินเชื่อบ้าน,2023-12-27
89614708,วีร์สุดา งามพิเชษฐ์,Manager,ห้างหุ้นส่วนจำกัด ยะผา,+66 931 864 588,cchatrphiethiiyngkham@example.com,ภาคกลาง,สินเชื่อธุรกิจ,2022-10-18
33299978,ทับทิม พรรษาสกุล,Customer Service,บริษัท ไม้แดงเทรดดิ้ง จำกัด (มหาชน),+66 890 723 883,cchiiryuthth01@example.com,ภาคตะวันตก,ประกัน,2022-07-22
86495577,ยศพงศ์ พงศ์ฉบับนภา,Customer Service,บริษัท ธุวะนุติ์ จำกัด,043-774345,daithysuchaat@example.org,ภาคตะวันออกเฉียงเหนือ,สินเชื่อบ้าน,2022-05-31
13941301,ชัฎชา พรรษาสกุล,Dealer,หจก.ทรัพย์ธำรงค์,0-7680-1932,khnaanuraksbuynph@example.org,ภาคตะวันออก,สินเชื่อธุรกิจ,2025-02-12
89709624,ภาสินี ถนัดการยนต์,Customer Service,ตันตราจิณและธรรมนิยม,+66 654 405 884,qsriiephdcch@example.com,ภาคตะวันออก,สินเชื่อธุรกิจ,2020-11-24
70402945,โสภณิตา แหยมศิริ,Customer Service,บจก.ไสยกิจวิศวการ,049112147,aychisthaaaithniym@example.com,ภาคตะวันออก,สินเชื่อบ้าน,2024-10-16
6280660,บุญเกิด ธรรมทินนา,Broker,บริษัท ศรีธนะเวทย์ จำกัด,040948512,qnumkan@example.net,ภาคใต้,สินเชื่อธุรกิจ,2022-05-27
29922220,ปิยวดี สงประเสริฐ,Dealer,หจก.ถนอมพลกรังพืชผล,0 3518 3460,diitphanthuprawii@example.com,ภาคใต้,บัตรเครดิต,2023-04-08
21559270,รังสินี จันทา,Customer Service,บริษัท ถาวรรัตนและบุตร จำกัด,066-558-2418,dusdiiwnichnaarriimaan@example.net,ภาคตะวันตก,บัตรเครดิต,2024-08-06
8566742,ศจีกาญจน์ นุ่มกัน,Customer Service,บริษัท เจริญรัมย์ จำกัด,059 216797,pannwachr36@example.org,ภาคตะวันออกเฉียงเหนือ,สินเชื่อบ้าน,2023-07-21
76660723,ณัฐติญา ยาปะโลหิต,Broker,บจก.ไชยภาเคมิคอล,0968544234,sorchaaphngschbabnphaa@example.org,ภาคตะวันออก,สินเชื่อรถยนต์,2022-10-14
37830033,ดวงจันทร์ ถนัดกลึง,Broker,บริษัท นาถะพินธุเฟอร์นิเจอร์ จำกัด,076390934,suchin85@example.net,ภาคกลาง,ประกัน,2023-10-12
48418712,พันธุ์เทพ ทองเนื้อดี,Dealer,บริษัท ตระกูลไม้เรียง จำกัด,044 430888,hsriiun@example.net,ภาคเหนือ,สินเชื่อส่วนบุคคล,2022-11-25
68219068,มัตติกา แถมธน,Broker,บจก.อุลหัสสาเฟอนิชชิ่ง,028-300923,thwnsriisuphaaphr@example.net,ภาคเหนือ,สินเชื่อส่วนบุคคล,2022-03-15
25623524,ธัญญามาศ ธีวร,Dealer,ห้างหุ้นส่วนสามัญ ตันตราจิณพืชผล,087-989-4753,muuhamhmadimrnniymthrrm@example.org,ภาคใต้,สินเชื่อส่วนบุคคล,2022-08-26
